rrrrrwwww,wwwwr,rrrrrww,1,1636762645,waiting..,rrrrrwww
eoejoj,eeee,eejkoj,90,1636762701,waiting..,ejojoe
eoejojkok,eeeepkok,eejkojokoko,90,1636762701,waiting..,ejojoeok
nknk,knkn,nknk,10,1636763024,waiting..,nknk
jjjj,s,ojjjj,0,1636763314,waiting..,jjjj
jjjj,s,ojjjj,0,1636763314,waiting..,jjjj
w,w,w,100,1636763370,waiting..,w
wwww,qqqqq,qwewww,100,1636763516,waiting..,qqqq
jojo,ojoj,jojo,0,1637282109,waiting..,jojo
kkk,kkk,kkkk,0,1636763751,waiting..,kkk
pun,pun,pun,0,1636763997,waiting..,pun
ken,ken,ken,100,1637714547,waiting..,ken
jian,Jian,jian,100,1636764225,waiting..,jian
qqq,ssjian,kjkj,10,1636764225,waiting..,qqq
Coldbrew,Coldbrew,Coldbrew,10,1637973930,waiting..,Coldbrew
boonlert,boonlert,boonlert,100,1636764661,waiting..,boonlert
Boonlerd,Boonlerd,Boonlerd,100,1636764809,waiting..,Boonlerd.com
Kanya,Kanya,Kanya,100,1637369922,waiting..,Kanya
mon,mon,mon,100,1637802227,waiting..,mon
tue,tue,tue,100,1636765511,waiting..,tue
wed,wed,wed,20,1636765687,waiting..,wed.com
Thu,Thu,Thu,90,1636765747,waiting..,Thu
fri,fri,fri,100,1636765839,waiting..,fri.com
,sat,,0,1636765981,waiting..,
,s,,0,1636768377,waiting..,
